city,country,archetype,lat,lon,gw_base_m,ssp,n_pairs,mean_gap,ci_lo,ci_hi,sign
Tianjin,China,deltaic,39.1421,117.1767,2.5,Control-NoCC,72,0.00275,-0.01274,0.01831,zero-crossing
Tianjin,China,deltaic,39.1421,117.1767,2.5,SSP1-2.6,72,0.01685,9e-05,0.03377,positive
Tianjin,China,deltaic,39.1421,117.1767,2.5,SSP2-4.5,72,0.00334,-0.01453,0.01942,zero-crossing
Tianjin,China,deltaic,39.1421,117.1767,2.5,SSP5-8.5,72,0.02358,0.00541,0.04035,positive
Bangkok,Thailand,coastal,13.7563,100.5018,3.5,Control-NoCC,72,0.00892,-0.0086,0.02625,zero-crossing
Bangkok,Thailand,coastal,13.7563,100.5018,3.5,SSP1-2.6,72,0.01243,-0.00612,0.03179,zero-crossing
Bangkok,Thailand,coastal,13.7563,100.5018,3.5,SSP2-4.5,72,0.00459,-0.01505,0.02344,zero-crossing
Bangkok,Thailand,coastal,13.7563,100.5018,3.5,SSP5-8.5,72,0.01241,-0.00953,0.03271,zero-crossing
Jakarta,Indonesia,lowland,-6.2088,106.8456,5.5,Control-NoCC,72,0.00819,-0.01249,0.02696,zero-crossing
Jakarta,Indonesia,lowland,-6.2088,106.8456,5.5,SSP1-2.6,72,0.02107,0.0021,0.04046,positive
Jakarta,Indonesia,lowland,-6.2088,106.8456,5.5,SSP2-4.5,72,0.00217,-0.01893,0.02236,zero-crossing
Jakarta,Indonesia,lowland,-6.2088,106.8456,5.5,SSP5-8.5,72,0.00014,-0.02099,0.0197,zero-crossing
NewOrleans,USA,deltaic,29.9511,-90.0715,2.0,Control-NoCC,72,-0.0086,-0.02495,0.0089,zero-crossing
NewOrleans,USA,deltaic,29.9511,-90.0715,2.0,SSP1-2.6,72,0.00861,-0.00907,0.02572,zero-crossing
NewOrleans,USA,deltaic,29.9511,-90.0715,2.0,SSP2-4.5,72,0.01544,-0.00243,0.03423,zero-crossing
NewOrleans,USA,deltaic,29.9511,-90.0715,2.0,SSP5-8.5,72,0.03821,0.02174,0.05566,positive
Manila,Philippines,coastal,14.5995,120.9842,3.5,Control-NoCC,72,0.00611,-0.01129,0.02288,zero-crossing
Manila,Philippines,coastal,14.5995,120.9842,3.5,SSP1-2.6,72,0.01026,-0.00903,0.0296,zero-crossing
Manila,Philippines,coastal,14.5995,120.9842,3.5,SSP2-4.5,72,0.01233,-0.00674,0.03028,zero-crossing
Manila,Philippines,coastal,14.5995,120.9842,3.5,SSP5-8.5,72,0.01113,-0.00845,0.03075,zero-crossing
Christchurch,NewZealand,deltaic,-43.532,172.6306,1.5,Control-NoCC,72,-0.00088,-0.0193,0.01832,zero-crossing
Christchurch,NewZealand,deltaic,-43.532,172.6306,1.5,SSP1-2.6,72,0.0145,-0.00271,0.03325,zero-crossing
Christchurch,NewZealand,deltaic,-43.532,172.6306,1.5,SSP2-4.5,72,0.0062,-0.0108,0.0234,zero-crossing
Christchurch,NewZealand,deltaic,-43.532,172.6306,1.5,SSP5-8.5,72,0.0299,0.01134,0.04793,positive
Wellington,NewZealand,coastal,-41.2924,174.7787,8.0,Control-NoCC,72,0.00732,-0.01139,0.02604,zero-crossing
Wellington,NewZealand,coastal,-41.2924,174.7787,8.0,SSP1-2.6,72,0.01362,-0.00766,0.0369,zero-crossing
Wellington,NewZealand,coastal,-41.2924,174.7787,8.0,SSP2-4.5,72,-0.00234,-0.02325,0.01765,zero-crossing
Wellington,NewZealand,coastal,-41.2924,174.7787,8.0,SSP5-8.5,72,0.00268,-0.01772,0.02464,zero-crossing
MexicoCity,Mexico,high_alt,19.4326,-99.1332,6.0,Control-NoCC,72,0.01013,-0.00824,0.02899,zero-crossing
MexicoCity,Mexico,high_alt,19.4326,-99.1332,6.0,SSP1-2.6,72,0.01233,-0.0064,0.03332,zero-crossing
MexicoCity,Mexico,high_alt,19.4326,-99.1332,6.0,SSP2-4.5,72,-0.00025,-0.02249,0.02141,zero-crossing
MexicoCity,Mexico,high_alt,19.4326,-99.1332,6.0,SSP5-8.5,72,0.00146,-0.01854,0.02082,zero-crossing
Lima,Peru,arid,-12.0464,-77.0428,20.0,Control-NoCC,72,0.01274,-0.00868,0.03367,zero-crossing
Lima,Peru,arid,-12.0464,-77.0428,20.0,SSP1-2.6,72,0.01642,-0.00427,0.04044,zero-crossing
Lima,Peru,arid,-12.0464,-77.0428,20.0,SSP2-4.5,72,0.00027,-0.02078,0.02112,zero-crossing
Lima,Peru,arid,-12.0464,-77.0428,20.0,SSP5-8.5,72,0.00284,-0.01662,0.02282,zero-crossing
Cairo,Egypt,arid,30.0444,31.2357,8.0,Control-NoCC,72,0.00759,-0.01698,0.03058,zero-crossing
Cairo,Egypt,arid,30.0444,31.2357,8.0,SSP1-2.6,72,0.02538,0.00558,0.04763,positive
Cairo,Egypt,arid,30.0444,31.2357,8.0,SSP2-4.5,72,0.00131,-0.02017,0.02315,zero-crossing
Cairo,Egypt,arid,30.0444,31.2357,8.0,SSP5-8.5,72,-0.00483,-0.02715,0.01569,zero-crossing
Istanbul,Turkey,mixed,41.0082,28.9784,12.0,Control-NoCC,72,0.0073,-0.01286,0.02797,zero-crossing
Istanbul,Turkey,mixed,41.0082,28.9784,12.0,SSP1-2.6,72,0.01821,-0.0023,0.03823,zero-crossing
Istanbul,Turkey,mixed,41.0082,28.9784,12.0,SSP2-4.5,72,0.00161,-0.01885,0.02216,zero-crossing
Istanbul,Turkey,mixed,41.0082,28.9784,12.0,SSP5-8.5,72,0.01135,-0.00933,0.0309,zero-crossing
Kathmandu,Nepal,high_alt,27.7172,85.324,8.0,Control-NoCC,72,0.00695,-0.01427,0.02801,zero-crossing
Kathmandu,Nepal,high_alt,27.7172,85.324,8.0,SSP1-2.6,72,0.02692,0.00726,0.04792,positive
Kathmandu,Nepal,high_alt,27.7172,85.324,8.0,SSP2-4.5,72,-0.00133,-0.02353,0.02082,zero-crossing
Kathmandu,Nepal,high_alt,27.7172,85.324,8.0,SSP5-8.5,72,0.00614,-0.01471,0.02711,zero-crossing
Mumbai,India,coastal,19.076,72.8777,5.0,Control-NoCC,72,0.00193,-0.01637,0.02108,zero-crossing
Mumbai,India,coastal,19.076,72.8777,5.0,SSP1-2.6,72,0.01738,-9e-05,0.03609,zero-crossing
Mumbai,India,coastal,19.076,72.8777,5.0,SSP2-4.5,72,-0.00481,-0.02724,0.01554,zero-crossing
Mumbai,India,coastal,19.076,72.8777,5.0,SSP5-8.5,72,0.01182,-0.00898,0.03458,zero-crossing
Lagos,Nigeria,lowland,6.5244,3.3792,3.5,Control-NoCC,72,0.01529,-0.00376,0.03225,zero-crossing
Lagos,Nigeria,lowland,6.5244,3.3792,3.5,SSP1-2.6,72,0.01828,-0.00286,0.03889,zero-crossing
Lagos,Nigeria,lowland,6.5244,3.3792,3.5,SSP2-4.5,72,0.01334,-0.00491,0.03182,zero-crossing
Lagos,Nigeria,lowland,6.5244,3.3792,3.5,SSP5-8.5,72,0.00702,-0.01201,0.02449,zero-crossing
Tokyo,Japan,coastal,35.6762,139.6503,5.0,Control-NoCC,72,0.0118,-0.00901,0.03273,zero-crossing
Tokyo,Japan,coastal,35.6762,139.6503,5.0,SSP1-2.6,72,0.02352,0.00357,0.04439,positive
Tokyo,Japan,coastal,35.6762,139.6503,5.0,SSP2-4.5,72,0.00424,-0.01666,0.02412,zero-crossing
Tokyo,Japan,coastal,35.6762,139.6503,5.0,SSP5-8.5,72,0.002,-0.01559,0.01952,zero-crossing
Osaka,Japan,coastal,34.6937,135.5023,4.5,Control-NoCC,72,0.00679,-0.01373,0.02755,zero-crossing
Osaka,Japan,coastal,34.6937,135.5023,4.5,SSP1-2.6,72,0.0083,-0.01126,0.0273,zero-crossing
Osaka,Japan,coastal,34.6937,135.5023,4.5,SSP2-4.5,72,0.00441,-0.01714,0.02273,zero-crossing
Osaka,Japan,coastal,34.6937,135.5023,4.5,SSP5-8.5,72,0.00434,-0.01736,0.02678,zero-crossing
SanFrancisco,USA,mixed,37.7749,-122.4194,10.0,Control-NoCC,72,0.01034,-0.00756,0.03014,zero-crossing
SanFrancisco,USA,mixed,37.7749,-122.4194,10.0,SSP1-2.6,72,0.01599,-0.00613,0.03718,zero-crossing
SanFrancisco,USA,mixed,37.7749,-122.4194,10.0,SSP2-4.5,72,0.00021,-0.02221,0.02155,zero-crossing
SanFrancisco,USA,mixed,37.7749,-122.4194,10.0,SSP5-8.5,72,0.00358,-0.01986,0.02534,zero-crossing
Beijing,China,mixed,39.9042,116.4074,11.0,Control-NoCC,72,0.00854,-0.0146,0.03028,zero-crossing
Beijing,China,mixed,39.9042,116.4074,11.0,SSP1-2.6,72,0.00441,-0.01708,0.02579,zero-crossing
Beijing,China,mixed,39.9042,116.4074,11.0,SSP2-4.5,72,-0.00049,-0.02193,0.01924,zero-crossing
Beijing,China,mixed,39.9042,116.4074,11.0,SSP5-8.5,72,-0.00399,-0.02829,0.01846,zero-crossing
Vancouver,Canada,coastal,49.2827,-123.1207,5.0,Control-NoCC,72,0.01522,-0.00281,0.03364,zero-crossing
Vancouver,Canada,coastal,49.2827,-123.1207,5.0,SSP1-2.6,72,0.01613,-0.00629,0.03758,zero-crossing
Vancouver,Canada,coastal,49.2827,-123.1207,5.0,SSP2-4.5,72,-0.0046,-0.02599,0.01673,zero-crossing
Vancouver,Canada,coastal,49.2827,-123.1207,5.0,SSP5-8.5,72,0.01496,-0.00487,0.03615,zero-crossing
Seattle,USA,mixed,47.6062,-122.3321,8.0,Control-NoCC,72,0.00993,-0.00827,0.02887,zero-crossing
Seattle,USA,mixed,47.6062,-122.3321,8.0,SSP1-2.6,72,0.01595,-0.00479,0.03654,zero-crossing
Seattle,USA,mixed,47.6062,-122.3321,8.0,SSP2-4.5,72,0.00369,-0.01725,0.02235,zero-crossing
Seattle,USA,mixed,47.6062,-122.3321,8.0,SSP5-8.5,72,0.00813,-0.01123,0.02702,zero-crossing
Portland,USA,mixed,45.5152,-122.6784,7.0,Control-NoCC,72,0.00132,-0.0182,0.02176,zero-crossing
Portland,USA,mixed,45.5152,-122.6784,7.0,SSP1-2.6,72,0.02066,-0.00095,0.04206,zero-crossing
Portland,USA,mixed,45.5152,-122.6784,7.0,SSP2-4.5,72,-0.00843,-0.03353,0.01269,zero-crossing
Portland,USA,mixed,45.5152,-122.6784,7.0,SSP5-8.5,72,0.00151,-0.02177,0.02611,zero-crossing
Tehran,Iran,arid,35.6892,51.389,15.0,Control-NoCC,72,0.00833,-0.01127,0.02885,zero-crossing
Tehran,Iran,arid,35.6892,51.389,15.0,SSP1-2.6,72,0.01892,-0.00239,0.04163,zero-crossing
Tehran,Iran,arid,35.6892,51.389,15.0,SSP2-4.5,72,-0.00352,-0.02714,0.01911,zero-crossing
Tehran,Iran,arid,35.6892,51.389,15.0,SSP5-8.5,72,0.00204,-0.01777,0.02272,zero-crossing
Karachi,Pakistan,coastal,24.8607,67.0011,4.5,Control-NoCC,72,-0.00493,-0.0267,0.01774,zero-crossing
Karachi,Pakistan,coastal,24.8607,67.0011,4.5,SSP1-2.6,72,0.01517,-0.00664,0.03645,zero-crossing
Karachi,Pakistan,coastal,24.8607,67.0011,4.5,SSP2-4.5,72,0.00421,-0.01977,0.02571,zero-crossing
Karachi,Pakistan,coastal,24.8607,67.0011,4.5,SSP5-8.5,72,0.00823,-0.01491,0.03102,zero-crossing
Dhaka,Bangladesh,deltaic,23.8103,90.4125,1.5,Control-NoCC,72,0.00541,-0.00823,0.02011,zero-crossing
Dhaka,Bangladesh,deltaic,23.8103,90.4125,1.5,SSP1-2.6,72,0.01798,0.00303,0.03402,positive
Dhaka,Bangladesh,deltaic,23.8103,90.4125,1.5,SSP2-4.5,72,0.01012,-0.0039,0.02421,zero-crossing
Dhaka,Bangladesh,deltaic,23.8103,90.4125,1.5,SSP5-8.5,72,0.02001,0.00142,0.03751,positive
Shanghai,China,deltaic,31.2304,121.4737,2.5,Control-NoCC,72,0.01573,0.00087,0.03057,positive
Shanghai,China,deltaic,31.2304,121.4737,2.5,SSP1-2.6,72,0.00931,-0.00719,0.02683,zero-crossing
Shanghai,China,deltaic,31.2304,121.4737,2.5,SSP2-4.5,72,0.01602,-0.00154,0.03218,zero-crossing
Shanghai,China,deltaic,31.2304,121.4737,2.5,SSP5-8.5,72,0.01765,0.00241,0.03395,positive
HoChiMinh,Vietnam,deltaic,10.8231,106.6297,2.0,Control-NoCC,72,0.00367,-0.01575,0.0232,zero-crossing
HoChiMinh,Vietnam,deltaic,10.8231,106.6297,2.0,SSP1-2.6,72,0.02717,0.00976,0.04439,positive
HoChiMinh,Vietnam,deltaic,10.8231,106.6297,2.0,SSP2-4.5,72,0.01489,-0.00304,0.03287,zero-crossing
HoChiMinh,Vietnam,deltaic,10.8231,106.6297,2.0,SSP5-8.5,72,0.02099,0.00336,0.03936,positive
Tashkent,Uzbekistan,arid,41.2995,69.2401,12.0,Control-NoCC,72,0.0089,-0.01141,0.02853,zero-crossing
Tashkent,Uzbekistan,arid,41.2995,69.2401,12.0,SSP1-2.6,72,0.01681,-0.00269,0.03774,zero-crossing
Tashkent,Uzbekistan,arid,41.2995,69.2401,12.0,SSP2-4.5,72,-0.00457,-0.02653,0.01697,zero-crossing
Tashkent,Uzbekistan,arid,41.2995,69.2401,12.0,SSP5-8.5,72,0.00574,-0.01578,0.02477,zero-crossing
Quito,Ecuador,high_alt,-0.1807,-78.4678,6.0,Control-NoCC,72,0.00174,-0.01977,0.02128,zero-crossing
Quito,Ecuador,high_alt,-0.1807,-78.4678,6.0,SSP1-2.6,72,0.0126,-0.01069,0.03409,zero-crossing
Quito,Ecuador,high_alt,-0.1807,-78.4678,6.0,SSP2-4.5,72,0.00159,-0.01977,0.022,zero-crossing
Quito,Ecuador,high_alt,-0.1807,-78.4678,6.0,SSP5-8.5,72,0.01129,-0.00738,0.03199,zero-crossing
LaPaz,Bolivia,high_alt,-16.5,-68.15,10.0,Control-NoCC,72,0.00333,-0.01789,0.02231,zero-crossing
LaPaz,Bolivia,high_alt,-16.5,-68.15,10.0,SSP1-2.6,72,0.02058,1e-05,0.04375,positive
LaPaz,Bolivia,high_alt,-16.5,-68.15,10.0,SSP2-4.5,72,-0.00811,-0.03165,0.01431,zero-crossing
LaPaz,Bolivia,high_alt,-16.5,-68.15,10.0,SSP5-8.5,72,0.00606,-0.01306,0.02574,zero-crossing
Reykjavik,Iceland,cold,64.1466,-21.9426,5.0,Control-NoCC,72,0.01191,-0.01045,0.03442,zero-crossing
Reykjavik,Iceland,cold,64.1466,-21.9426,5.0,SSP1-2.6,72,0.01852,-0.00157,0.04078,zero-crossing
Reykjavik,Iceland,cold,64.1466,-21.9426,5.0,SSP2-4.5,72,-0.00108,-0.02245,0.02012,zero-crossing
Reykjavik,Iceland,cold,64.1466,-21.9426,5.0,SSP5-8.5,72,0.00416,-0.01898,0.0254,zero-crossing
Lisbon,Portugal,coastal,38.7223,-9.1393,6.0,Control-NoCC,72,0.00885,-0.00973,0.02808,zero-crossing
Lisbon,Portugal,coastal,38.7223,-9.1393,6.0,SSP1-2.6,72,0.0227,0.00252,0.04274,positive
Lisbon,Portugal,coastal,38.7223,-9.1393,6.0,SSP2-4.5,72,-0.00597,-0.0265,0.01364,zero-crossing
Lisbon,Portugal,coastal,38.7223,-9.1393,6.0,SSP5-8.5,72,-0.00275,-0.02366,0.01956,zero-crossing
Naples,Italy,coastal,40.8518,14.2681,8.0,Control-NoCC,72,0.01863,-0.00264,0.03793,zero-crossing
Naples,Italy,coastal,40.8518,14.2681,8.0,SSP1-2.6,72,0.00707,-0.01378,0.02625,zero-crossing
Naples,Italy,coastal,40.8518,14.2681,8.0,SSP2-4.5,72,0.00569,-0.01275,0.02299,zero-crossing
Naples,Italy,coastal,40.8518,14.2681,8.0,SSP5-8.5,72,-1e-05,-0.01816,0.01939,zero-crossing
Athens,Greece,mixed,37.9838,23.7275,11.0,Control-NoCC,72,0.01353,-0.00747,0.03467,zero-crossing
Athens,Greece,mixed,37.9838,23.7275,11.0,SSP1-2.6,72,0.01742,-0.0023,0.03869,zero-crossing
Athens,Greece,mixed,37.9838,23.7275,11.0,SSP2-4.5,72,0.00202,-0.02005,0.02328,zero-crossing
Athens,Greece,mixed,37.9838,23.7275,11.0,SSP5-8.5,72,0.00113,-0.01813,0.02035,zero-crossing
Algiers,Algeria,coastal,36.7372,3.0866,7.0,Control-NoCC,72,0.01649,-0.00343,0.03738,zero-crossing
Algiers,Algeria,coastal,36.7372,3.0866,7.0,SSP1-2.6,72,0.01367,-0.00856,0.03675,zero-crossing
Algiers,Algeria,coastal,36.7372,3.0866,7.0,SSP2-4.5,72,-0.00202,-0.02523,0.02087,zero-crossing
Algiers,Algeria,coastal,36.7372,3.0866,7.0,SSP5-8.5,72,0.00472,-0.01382,0.02429,zero-crossing
Casablanca,Morocco,coastal,33.5731,-7.5898,8.0,Control-NoCC,72,0.00423,-0.01472,0.02428,zero-crossing
Casablanca,Morocco,coastal,33.5731,-7.5898,8.0,SSP1-2.6,72,0.01686,-0.00268,0.03654,zero-crossing
Casablanca,Morocco,coastal,33.5731,-7.5898,8.0,SSP2-4.5,72,-0.00719,-0.02934,0.01378,zero-crossing
Casablanca,Morocco,coastal,33.5731,-7.5898,8.0,SSP5-8.5,72,-0.00215,-0.02415,0.01997,zero-crossing
CapeTown,SouthAfrica,coastal,-33.9249,18.4241,9.0,Control-NoCC,72,0.00085,-0.02255,0.02252,zero-crossing
CapeTown,SouthAfrica,coastal,-33.9249,18.4241,9.0,SSP1-2.6,72,0.02461,0.00365,0.04694,positive
CapeTown,SouthAfrica,coastal,-33.9249,18.4241,9.0,SSP2-4.5,72,-0.0098,-0.03348,0.01238,zero-crossing
CapeTown,SouthAfrica,coastal,-33.9249,18.4241,9.0,SSP5-8.5,72,0.00403,-0.01925,0.02681,zero-crossing
BuenosAires,Argentina,coastal,-34.6037,-58.3816,3.5,Control-NoCC,72,0.01279,-0.0064,0.03145,zero-crossing
BuenosAires,Argentina,coastal,-34.6037,-58.3816,3.5,SSP1-2.6,72,0.0215,0.00395,0.03863,positive
BuenosAires,Argentina,coastal,-34.6037,-58.3816,3.5,SSP2-4.5,72,0.00693,-0.01121,0.02391,zero-crossing
BuenosAires,Argentina,coastal,-34.6037,-58.3816,3.5,SSP5-8.5,72,0.01463,-0.00483,0.03343,zero-crossing
Santiago,Chile,mixed,-33.4489,-70.6693,10.0,Control-NoCC,72,0.00015,-0.02112,0.02308,zero-crossing
Santiago,Chile,mixed,-33.4489,-70.6693,10.0,SSP1-2.6,72,0.01117,-0.00834,0.03061,zero-crossing
Santiago,Chile,mixed,-33.4489,-70.6693,10.0,SSP2-4.5,72,-0.00308,-0.02474,0.01751,zero-crossing
Santiago,Chile,mixed,-33.4489,-70.6693,10.0,SSP5-8.5,72,0.00431,-0.01851,0.02851,zero-crossing
Bogota,Colombia,high_alt,4.711,-74.0721,6.0,Control-NoCC,72,0.00272,-0.01739,0.02398,zero-crossing
Bogota,Colombia,high_alt,4.711,-74.0721,6.0,SSP1-2.6,72,0.01801,-0.00448,0.03837,zero-crossing
Bogota,Colombia,high_alt,4.711,-74.0721,6.0,SSP2-4.5,72,-0.00962,-0.031,0.01304,zero-crossing
Bogota,Colombia,high_alt,4.711,-74.0721,6.0,SSP5-8.5,72,0.00082,-0.0218,0.02199,zero-crossing
Auckland,NewZealand,coastal,-36.8485,174.7633,5.0,Control-NoCC,72,0.01132,-0.00757,0.0292,zero-crossing
Auckland,NewZealand,coastal,-36.8485,174.7633,5.0,SSP1-2.6,72,0.01311,-0.00604,0.03472,zero-crossing
Auckland,NewZealand,coastal,-36.8485,174.7633,5.0,SSP2-4.5,72,-0.00043,-0.02093,0.01975,zero-crossing
Auckland,NewZealand,coastal,-36.8485,174.7633,5.0,SSP5-8.5,72,0.0001,-0.01926,0.01931,zero-crossing
Sydney,Australia,coastal,-33.8688,151.2093,6.0,Control-NoCC,72,0.00792,-0.00901,0.02544,zero-crossing
Sydney,Australia,coastal,-33.8688,151.2093,6.0,SSP1-2.6,72,0.03093,0.00995,0.05365,positive
Sydney,Australia,coastal,-33.8688,151.2093,6.0,SSP2-4.5,72,-0.00712,-0.02945,0.01495,zero-crossing
Sydney,Australia,coastal,-33.8688,151.2093,6.0,SSP5-8.5,72,0.00626,-0.0153,0.02737,zero-crossing
Melbourne,Australia,coastal,-37.8136,144.9631,7.0,Control-NoCC,72,0.01112,-0.00818,0.02927,zero-crossing
Melbourne,Australia,coastal,-37.8136,144.9631,7.0,SSP1-2.6,72,0.02348,0.00271,0.04678,positive
Melbourne,Australia,coastal,-37.8136,144.9631,7.0,SSP2-4.5,72,-0.00217,-0.02535,0.0173,zero-crossing
Melbourne,Australia,coastal,-37.8136,144.9631,7.0,SSP5-8.5,72,0.00199,-0.01845,0.02468,zero-crossing
Wuhan,China,lowland,30.5928,114.3055,3.5,Control-NoCC,72,0.00252,-0.01641,0.02181,zero-crossing
Wuhan,China,lowland,30.5928,114.3055,3.5,SSP1-2.6,72,0.01918,-0.00177,0.04119,zero-crossing
Wuhan,China,lowland,30.5928,114.3055,3.5,SSP2-4.5,72,0.00939,-0.01219,0.02908,zero-crossing
Wuhan,China,lowland,30.5928,114.3055,3.5,SSP5-8.5,72,0.00682,-0.01506,0.0278,zero-crossing
Guangzhou,China,deltaic,23.1291,113.2644,2.5,Control-NoCC,72,0.00167,-0.01681,0.02041,zero-crossing
Guangzhou,China,deltaic,23.1291,113.2644,2.5,SSP1-2.6,72,0.01576,-0.00331,0.03426,zero-crossing
Guangzhou,China,deltaic,23.1291,113.2644,2.5,SSP2-4.5,72,0.01398,-0.00592,0.0296,zero-crossing
Guangzhou,China,deltaic,23.1291,113.2644,2.5,SSP5-8.5,72,0.02955,0.01113,0.04834,positive
Bushehr,Iran,coastal,28.9684,50.8385,4.5,Control-NoCC,72,-0.01279,-0.03891,0.00943,zero-crossing
Bushehr,Iran,coastal,28.9684,50.8385,4.5,SSP1-2.6,72,-0.00089,-0.02611,0.02224,zero-crossing
Bushehr,Iran,coastal,28.9684,50.8385,4.5,SSP2-4.5,72,0.01022,-0.01543,0.03853,zero-crossing
Bushehr,Iran,coastal,28.9684,50.8385,4.5,SSP5-8.5,72,0.01153,-0.00726,0.033,zero-crossing
Baku,Azerbaijan,coastal,40.4093,49.8671,8.0,Control-NoCC,72,0.00928,-0.01029,0.02795,zero-crossing
Baku,Azerbaijan,coastal,40.4093,49.8671,8.0,SSP1-2.6,72,0.01157,-0.0097,0.0334,zero-crossing
Baku,Azerbaijan,coastal,40.4093,49.8671,8.0,SSP2-4.5,72,0.00869,-0.01069,0.02926,zero-crossing
Baku,Azerbaijan,coastal,40.4093,49.8671,8.0,SSP5-8.5,72,0.01335,-0.00666,0.03457,zero-crossing
Anchorage,USA,cold,61.2181,-149.9003,8.0,Control-NoCC,72,0.01524,-0.00645,0.03611,zero-crossing
Anchorage,USA,cold,61.2181,-149.9003,8.0,SSP1-2.6,72,0.01014,-0.01252,0.03134,zero-crossing
Anchorage,USA,cold,61.2181,-149.9003,8.0,SSP2-4.5,72,0.00665,-0.0173,0.02854,zero-crossing
Anchorage,USA,cold,61.2181,-149.9003,8.0,SSP5-8.5,72,-0.00713,-0.02904,0.01407,zero-crossing
Almaty,Kazakhstan,mixed,43.2389,76.8897,14.0,Control-NoCC,72,0.00829,-0.01265,0.03108,zero-crossing
Almaty,Kazakhstan,mixed,43.2389,76.8897,14.0,SSP1-2.6,72,0.01531,-0.00677,0.03802,zero-crossing
Almaty,Kazakhstan,mixed,43.2389,76.8897,14.0,SSP2-4.5,72,-0.00523,-0.02973,0.01991,zero-crossing
Almaty,Kazakhstan,mixed,43.2389,76.8897,14.0,SSP5-8.5,72,0.00906,-0.01064,0.0297,zero-crossing
Yerevan,Armenia,mixed,40.1792,44.4991,13.0,Control-NoCC,72,0.00635,-0.01237,0.02712,zero-crossing
Yerevan,Armenia,mixed,40.1792,44.4991,13.0,SSP1-2.6,72,0.02169,-0.00445,0.04742,zero-crossing
Yerevan,Armenia,mixed,40.1792,44.4991,13.0,SSP2-4.5,72,-0.00865,-0.03346,0.01384,zero-crossing
Yerevan,Armenia,mixed,40.1792,44.4991,13.0,SSP5-8.5,72,0.01095,-0.01339,0.03295,zero-crossing
Asuncion,Paraguay,lowland,-25.2637,-57.5759,4.0,Control-NoCC,72,0.00576,-0.01248,0.02367,zero-crossing
Asuncion,Paraguay,lowland,-25.2637,-57.5759,4.0,SSP1-2.6,72,0.01739,-0.00382,0.03851,zero-crossing
Asuncion,Paraguay,lowland,-25.2637,-57.5759,4.0,SSP2-4.5,72,0.00075,-0.01879,0.02002,zero-crossing
Asuncion,Paraguay,lowland,-25.2637,-57.5759,4.0,SSP5-8.5,72,0.00584,-0.01205,0.02436,zero-crossing
LosAngeles,USA,mixed,34.0522,-118.2437,8.0,Control-NoCC,72,0.01368,-0.00567,0.03405,zero-crossing
LosAngeles,USA,mixed,34.0522,-118.2437,8.0,SSP1-2.6,72,0.01344,-0.00844,0.03677,zero-crossing
LosAngeles,USA,mixed,34.0522,-118.2437,8.0,SSP2-4.5,72,0.00418,-0.01854,0.0247,zero-crossing
LosAngeles,USA,mixed,34.0522,-118.2437,8.0,SSP5-8.5,72,-0.00629,-0.02763,0.01355,zero-crossing
SanDiego,USA,coastal,32.7157,-117.1611,6.0,Control-NoCC,72,0.01417,-0.00419,0.03238,zero-crossing
SanDiego,USA,coastal,32.7157,-117.1611,6.0,SSP1-2.6,72,0.01012,-0.0114,0.03153,zero-crossing
SanDiego,USA,coastal,32.7157,-117.1611,6.0,SSP2-4.5,72,0.003,-0.01672,0.02246,zero-crossing
SanDiego,USA,coastal,32.7157,-117.1611,6.0,SSP5-8.5,72,0.00433,-0.01479,0.0238,zero-crossing
Phoenix,USA,arid,33.4484,-112.074,30.0,Control-NoCC,72,0.01377,-0.00714,0.03334,zero-crossing
Phoenix,USA,arid,33.4484,-112.074,30.0,SSP1-2.6,72,0.02203,0.00207,0.04319,positive
Phoenix,USA,arid,33.4484,-112.074,30.0,SSP2-4.5,72,-0.00283,-0.02561,0.01958,zero-crossing
Phoenix,USA,arid,33.4484,-112.074,30.0,SSP5-8.5,72,0.00128,-0.01925,0.02209,zero-crossing
Houston,USA,coastal,29.7604,-95.3698,2.5,Control-NoCC,72,0.00066,-0.01634,0.01756,zero-crossing
Houston,USA,coastal,29.7604,-95.3698,2.5,SSP1-2.6,72,0.00469,-0.01126,0.02145,zero-crossing
Houston,USA,coastal,29.7604,-95.3698,2.5,SSP2-4.5,72,0.00811,-0.00942,0.02594,zero-crossing
Houston,USA,coastal,29.7604,-95.3698,2.5,SSP5-8.5,72,0.01592,-0.00505,0.03568,zero-crossing
Miami,USA,coastal,25.7617,-80.1918,1.5,Control-NoCC,72,0.00365,-0.00759,0.01577,zero-crossing
Miami,USA,coastal,25.7617,-80.1918,1.5,SSP1-2.6,72,0.01335,-0.003,0.02913,zero-crossing
Miami,USA,coastal,25.7617,-80.1918,1.5,SSP2-4.5,72,0.01303,-0.00404,0.03025,zero-crossing
Miami,USA,coastal,25.7617,-80.1918,1.5,SSP5-8.5,72,0.02171,0.00617,0.03756,positive
Boston,USA,mixed,42.3601,-71.0589,5.0,Control-NoCC,72,0.00066,-0.01997,0.02371,zero-crossing
Boston,USA,mixed,42.3601,-71.0589,5.0,SSP1-2.6,72,0.02972,0.00902,0.05071,positive
Boston,USA,mixed,42.3601,-71.0589,5.0,SSP2-4.5,72,-0.00021,-0.02194,0.0204,zero-crossing
Boston,USA,mixed,42.3601,-71.0589,5.0,SSP5-8.5,72,0.00605,-0.01457,0.02698,zero-crossing
NewYork,USA,mixed,40.7128,-74.006,6.0,Control-NoCC,72,0.0035,-0.01684,0.02306,zero-crossing
NewYork,USA,mixed,40.7128,-74.006,6.0,SSP1-2.6,72,0.01919,-0.0027,0.03922,zero-crossing
NewYork,USA,mixed,40.7128,-74.006,6.0,SSP2-4.5,72,-0.00385,-0.02589,0.0187,zero-crossing
NewYork,USA,mixed,40.7128,-74.006,6.0,SSP5-8.5,72,0.00804,-0.01357,0.02847,zero-crossing
Toronto,Canada,mixed,43.6532,-79.3832,7.0,Control-NoCC,72,0.01572,-0.00216,0.03545,zero-crossing
Toronto,Canada,mixed,43.6532,-79.3832,7.0,SSP1-2.6,72,0.01586,-0.00478,0.03651,zero-crossing
Toronto,Canada,mixed,43.6532,-79.3832,7.0,SSP2-4.5,72,-0.00438,-0.02384,0.0148,zero-crossing
Toronto,Canada,mixed,43.6532,-79.3832,7.0,SSP5-8.5,72,0.00719,-0.01324,0.02834,zero-crossing
Montreal,Canada,cold,45.5017,-73.5673,6.0,Control-NoCC,72,0.00424,-0.0182,0.0268,zero-crossing
Montreal,Canada,cold,45.5017,-73.5673,6.0,SSP1-2.6,72,0.01789,-0.00396,0.04125,zero-crossing
Montreal,Canada,cold,45.5017,-73.5673,6.0,SSP2-4.5,72,0.0018,-0.02043,0.02403,zero-crossing
Montreal,Canada,cold,45.5017,-73.5673,6.0,SSP5-8.5,72,0.00369,-0.01633,0.02398,zero-crossing
Chicago,USA,lowland,41.8781,-87.6298,4.0,Control-NoCC,72,0.01222,-0.00709,0.03097,zero-crossing
Chicago,USA,lowland,41.8781,-87.6298,4.0,SSP1-2.6,72,0.01177,-0.00655,0.03143,zero-crossing
Chicago,USA,lowland,41.8781,-87.6298,4.0,SSP2-4.5,72,-0.00033,-0.02052,0.01869,zero-crossing
Chicago,USA,lowland,41.8781,-87.6298,4.0,SSP5-8.5,72,0.00508,-0.01515,0.02647,zero-crossing
Memphis,USA,lowland,35.1495,-90.049,2.0,Control-NoCC,72,0.00929,-0.00466,0.02394,zero-crossing
Memphis,USA,lowland,35.1495,-90.049,2.0,SSP1-2.6,72,0.01752,0.0016,0.03417,positive
Memphis,USA,lowland,35.1495,-90.049,2.0,SSP2-4.5,72,0.00842,-0.00803,0.02484,zero-crossing
Memphis,USA,lowland,35.1495,-90.049,2.0,SSP5-8.5,72,0.01627,-0.00034,0.03099,zero-crossing
London,UK,mixed,51.5074,-0.1278,8.0,Control-NoCC,72,0.0069,-0.01214,0.02594,zero-crossing
London,UK,mixed,51.5074,-0.1278,8.0,SSP1-2.6,72,0.01713,-0.00416,0.0373,zero-crossing
London,UK,mixed,51.5074,-0.1278,8.0,SSP2-4.5,72,-0.00355,-0.02463,0.01498,zero-crossing
London,UK,mixed,51.5074,-0.1278,8.0,SSP5-8.5,72,0.00083,-0.02081,0.02315,zero-crossing
Paris,France,lowland,48.8566,2.3522,5.0,Control-NoCC,72,0.00699,-0.01067,0.02493,zero-crossing
Paris,France,lowland,48.8566,2.3522,5.0,SSP1-2.6,72,0.0085,-0.01073,0.02805,zero-crossing
Paris,France,lowland,48.8566,2.3522,5.0,SSP2-4.5,72,-0.00437,-0.02521,0.0153,zero-crossing
Paris,France,lowland,48.8566,2.3522,5.0,SSP5-8.5,72,-0.0007,-0.01953,0.01733,zero-crossing
Berlin,Germany,lowland,52.52,13.405,4.5,Control-NoCC,72,0.01096,-0.00975,0.03047,zero-crossing
Berlin,Germany,lowland,52.52,13.405,4.5,SSP1-2.6,72,0.02679,0.00671,0.04877,positive
Berlin,Germany,lowland,52.52,13.405,4.5,SSP2-4.5,72,0.00478,-0.01679,0.02245,zero-crossing
Berlin,Germany,lowland,52.52,13.405,4.5,SSP5-8.5,72,0.01064,-0.00887,0.03041,zero-crossing
Madrid,Spain,mixed,40.4168,-3.7038,12.0,Control-NoCC,72,0.00376,-0.01793,0.02523,zero-crossing
Madrid,Spain,mixed,40.4168,-3.7038,12.0,SSP1-2.6,72,0.02108,0.00019,0.04226,positive
Madrid,Spain,mixed,40.4168,-3.7038,12.0,SSP2-4.5,72,-0.00164,-0.02195,0.01832,zero-crossing
Madrid,Spain,mixed,40.4168,-3.7038,12.0,SSP5-8.5,72,-0.002,-0.02318,0.01807,zero-crossing
Rome,Italy,mixed,41.9028,12.4964,10.0,Control-NoCC,72,0.00891,-0.00994,0.02693,zero-crossing
Rome,Italy,mixed,41.9028,12.4964,10.0,SSP1-2.6,72,0.01648,-0.00393,0.03772,zero-crossing
Rome,Italy,mixed,41.9028,12.4964,10.0,SSP2-4.5,72,-0.00309,-0.02466,0.01776,zero-crossing
Rome,Italy,mixed,41.9028,12.4964,10.0,SSP5-8.5,72,-0.00148,-0.02045,0.01893,zero-crossing
Bucharest,Romania,mixed,44.4268,26.1025,8.0,Control-NoCC,72,0.01059,-0.00928,0.03175,zero-crossing
Bucharest,Romania,mixed,44.4268,26.1025,8.0,SSP1-2.6,72,0.01105,-0.00988,0.03137,zero-crossing
Bucharest,Romania,mixed,44.4268,26.1025,8.0,SSP2-4.5,72,-0.00272,-0.02471,0.019,zero-crossing
Bucharest,Romania,mixed,44.4268,26.1025,8.0,SSP5-8.5,72,0.00323,-0.01807,0.02495,zero-crossing
Sofia,Bulgaria,mixed,42.6977,23.3219,11.0,Control-NoCC,72,0.00956,-0.0106,0.02965,zero-crossing
Sofia,Bulgaria,mixed,42.6977,23.3219,11.0,SSP1-2.6,72,0.00496,-0.01556,0.02692,zero-crossing
Sofia,Bulgaria,mixed,42.6977,23.3219,11.0,SSP2-4.5,72,0.00123,-0.01905,0.02196,zero-crossing
Sofia,Bulgaria,mixed,42.6977,23.3219,11.0,SSP5-8.5,72,0.00565,-0.01554,0.02673,zero-crossing
Belgrade,Serbia,mixed,44.7866,20.4489,6.0,Control-NoCC,72,0.01198,-0.00619,0.03054,zero-crossing
Belgrade,Serbia,mixed,44.7866,20.4489,6.0,SSP1-2.6,72,0.02304,0.0024,0.04335,positive
Belgrade,Serbia,mixed,44.7866,20.4489,6.0,SSP2-4.5,72,-0.00501,-0.02688,0.01418,zero-crossing
Belgrade,Serbia,mixed,44.7866,20.4489,6.0,SSP5-8.5,72,0.00308,-0.01941,0.0254,zero-crossing
Stockholm,Sweden,coastal,59.3293,18.0686,3.0,Control-NoCC,72,0.00424,-0.01836,0.02627,zero-crossing
Stockholm,Sweden,coastal,59.3293,18.0686,3.0,SSP1-2.6,72,0.0096,-0.01336,0.03123,zero-crossing
Stockholm,Sweden,coastal,59.3293,18.0686,3.0,SSP2-4.5,72,0.00166,-0.02097,0.02267,zero-crossing
Stockholm,Sweden,coastal,59.3293,18.0686,3.0,SSP5-8.5,72,0.00701,-0.01286,0.02656,zero-crossing
Helsinki,Finland,coastal,60.1699,24.9384,2.0,Control-NoCC,72,0.01281,-0.00583,0.02949,zero-crossing
Helsinki,Finland,coastal,60.1699,24.9384,2.0,SSP1-2.6,72,0.02457,0.00379,0.0475,positive
Helsinki,Finland,coastal,60.1699,24.9384,2.0,SSP2-4.5,72,-0.00215,-0.02382,0.02012,zero-crossing
Helsinki,Finland,coastal,60.1699,24.9384,2.0,SSP5-8.5,72,0.00469,-0.01713,0.02468,zero-crossing
Oslo,Norway,coastal,59.9139,10.7522,4.0,Control-NoCC,72,0.00946,-0.00975,0.02833,zero-crossing
Oslo,Norway,coastal,59.9139,10.7522,4.0,SSP1-2.6,72,0.01572,-0.00506,0.03789,zero-crossing
Oslo,Norway,coastal,59.9139,10.7522,4.0,SSP2-4.5,72,-0.0017,-0.02483,0.01824,zero-crossing
Oslo,Norway,coastal,59.9139,10.7522,4.0,SSP5-8.5,72,0.00215,-0.0209,0.02452,zero-crossing
Copenhagen,Denmark,coastal,55.6761,12.5683,2.5,Control-NoCC,72,0.01121,-0.00548,0.02646,zero-crossing
Copenhagen,Denmark,coastal,55.6761,12.5683,2.5,SSP1-2.6,72,0.02534,0.00533,0.04601,positive
Copenhagen,Denmark,coastal,55.6761,12.5683,2.5,SSP2-4.5,72,0.00349,-0.01655,0.02406,zero-crossing
Copenhagen,Denmark,coastal,55.6761,12.5683,2.5,SSP5-8.5,72,0.01688,-0.00281,0.03699,zero-crossing
Amsterdam,Netherlands,deltaic,52.3676,4.9041,1.0,Control-NoCC,72,0.00571,-0.00963,0.02099,zero-crossing
Amsterdam,Netherlands,deltaic,52.3676,4.9041,1.0,SSP1-2.6,72,0.00537,-0.01087,0.02206,zero-crossing
Amsterdam,Netherlands,deltaic,52.3676,4.9041,1.0,SSP2-4.5,72,0.01873,0.00446,0.03223,positive
Amsterdam,Netherlands,deltaic,52.3676,4.9041,1.0,SSP5-8.5,72,0.02089,0.00485,0.03762,positive
Rotterdam,Netherlands,deltaic,51.9244,4.4777,1.0,Control-NoCC,72,-0.00293,-0.01492,0.00937,zero-crossing
Rotterdam,Netherlands,deltaic,51.9244,4.4777,1.0,SSP1-2.6,72,0.01342,-0.00355,0.03016,zero-crossing
Rotterdam,Netherlands,deltaic,51.9244,4.4777,1.0,SSP2-4.5,72,0.00389,-0.01001,0.01744,zero-crossing
Rotterdam,Netherlands,deltaic,51.9244,4.4777,1.0,SSP5-8.5,72,0.01618,0.00035,0.033,positive
Hamburg,Germany,lowland,53.5511,9.9937,3.0,Control-NoCC,72,0.00538,-0.0117,0.02331,zero-crossing
Hamburg,Germany,lowland,53.5511,9.9937,3.0,SSP1-2.6,72,0.01475,-0.00543,0.03677,zero-crossing
Hamburg,Germany,lowland,53.5511,9.9937,3.0,SSP2-4.5,72,0.00888,-0.01007,0.02645,zero-crossing
Hamburg,Germany,lowland,53.5511,9.9937,3.0,SSP5-8.5,72,0.00606,-0.01381,0.0263,zero-crossing
StPetersburg,Russia,coastal,59.9343,30.3351,2.5,Control-NoCC,72,-0.00218,-0.02057,0.01765,zero-crossing
StPetersburg,Russia,coastal,59.9343,30.3351,2.5,SSP1-2.6,72,0.02078,0.00208,0.0414,positive
StPetersburg,Russia,coastal,59.9343,30.3351,2.5,SSP2-4.5,72,-0.00269,-0.02262,0.01656,zero-crossing
StPetersburg,Russia,coastal,59.9343,30.3351,2.5,SSP5-8.5,72,0.01048,-0.00884,0.03046,zero-crossing
Beirut,Lebanon,coastal,33.8938,35.5018,6.0,Control-NoCC,72,0.00895,-0.01104,0.02919,zero-crossing
Beirut,Lebanon,coastal,33.8938,35.5018,6.0,SSP1-2.6,72,0.01431,-0.00556,0.03662,zero-crossing
Beirut,Lebanon,coastal,33.8938,35.5018,6.0,SSP2-4.5,72,-0.00297,-0.02648,0.01937,zero-crossing
Beirut,Lebanon,coastal,33.8938,35.5018,6.0,SSP5-8.5,72,0.0005,-0.02056,0.01955,zero-crossing
TelAviv,Israel,coastal,32.0853,34.7818,5.0,Control-NoCC,72,0.00617,-0.01359,0.02396,zero-crossing
TelAviv,Israel,coastal,32.0853,34.7818,5.0,SSP1-2.6,72,0.00966,-0.0117,0.02931,zero-crossing
TelAviv,Israel,coastal,32.0853,34.7818,5.0,SSP2-4.5,72,-0.00453,-0.02475,0.01486,zero-crossing
TelAviv,Israel,coastal,32.0853,34.7818,5.0,SSP5-8.5,72,0.00967,-0.01203,0.0311,zero-crossing
Dubai,UAE,arid,25.2048,55.2708,4.0,Control-NoCC,72,0.00057,-0.02037,0.02164,zero-crossing
Dubai,UAE,arid,25.2048,55.2708,4.0,SSP1-2.6,72,0.01124,-0.00868,0.03303,zero-crossing
Dubai,UAE,arid,25.2048,55.2708,4.0,SSP2-4.5,72,0.00573,-0.01621,0.02874,zero-crossing
Dubai,UAE,arid,25.2048,55.2708,4.0,SSP5-8.5,72,0.00921,-0.01119,0.02983,zero-crossing
Riyadh,SaudiArabia,arid,24.7136,46.6753,35.0,Control-NoCC,72,0.00996,-0.00953,0.03086,zero-crossing
Riyadh,SaudiArabia,arid,24.7136,46.6753,35.0,SSP1-2.6,72,0.01568,-0.00637,0.0364,zero-crossing
Riyadh,SaudiArabia,arid,24.7136,46.6753,35.0,SSP2-4.5,72,-0.0027,-0.02505,0.0176,zero-crossing
Riyadh,SaudiArabia,arid,24.7136,46.6753,35.0,SSP5-8.5,72,0.00403,-0.01893,0.02527,zero-crossing
AddisAbaba,Ethiopia,high_alt,9.025,38.7469,9.0,Control-NoCC,72,0.00905,-0.01281,0.03192,zero-crossing
AddisAbaba,Ethiopia,high_alt,9.025,38.7469,9.0,SSP1-2.6,72,0.01806,-0.00228,0.03974,zero-crossing
AddisAbaba,Ethiopia,high_alt,9.025,38.7469,9.0,SSP2-4.5,72,0.00048,-0.02148,0.0212,zero-crossing
AddisAbaba,Ethiopia,high_alt,9.025,38.7469,9.0,SSP5-8.5,72,0.00566,-0.01458,0.02576,zero-crossing
Nairobi,Kenya,mixed,-1.2921,36.8219,8.0,Control-NoCC,72,0.00642,-0.01355,0.02719,zero-crossing
Nairobi,Kenya,mixed,-1.2921,36.8219,8.0,SSP1-2.6,72,0.01533,-0.0036,0.03662,zero-crossing
Nairobi,Kenya,mixed,-1.2921,36.8219,8.0,SSP2-4.5,72,-0.0038,-0.02424,0.01534,zero-crossing
Nairobi,Kenya,mixed,-1.2921,36.8219,8.0,SSP5-8.5,72,0.00298,-0.02041,0.0258,zero-crossing
Khartoum,Sudan,arid,15.5007,32.5599,10.0,Control-NoCC,72,0.00518,-0.01526,0.02533,zero-crossing
Khartoum,Sudan,arid,15.5007,32.5599,10.0,SSP1-2.6,72,0.01715,-0.00198,0.03643,zero-crossing
Khartoum,Sudan,arid,15.5007,32.5599,10.0,SSP2-4.5,72,-0.00597,-0.02712,0.01413,zero-crossing
Khartoum,Sudan,arid,15.5007,32.5599,10.0,SSP5-8.5,72,-0.00466,-0.02629,0.01593,zero-crossing
Tunis,Tunisia,coastal,36.8065,10.1815,8.0,Control-NoCC,72,0.00897,-0.01117,0.02881,zero-crossing
Tunis,Tunisia,coastal,36.8065,10.1815,8.0,SSP1-2.6,72,0.02505,0.00341,0.04537,positive
Tunis,Tunisia,coastal,36.8065,10.1815,8.0,SSP2-4.5,72,-0.0003,-0.0197,0.0201,zero-crossing
Tunis,Tunisia,coastal,36.8065,10.1815,8.0,SSP5-8.5,72,0.00308,-0.01715,0.02362,zero-crossing
Marrakech,Morocco,arid,31.6295,-7.9811,15.0,Control-NoCC,72,0.02445,0.00122,0.04785,positive
Marrakech,Morocco,arid,31.6295,-7.9811,15.0,SSP1-2.6,72,0.00726,-0.01537,0.03118,zero-crossing
Marrakech,Morocco,arid,31.6295,-7.9811,15.0,SSP2-4.5,72,0.01268,-0.01013,0.03531,zero-crossing
Marrakech,Morocco,arid,31.6295,-7.9811,15.0,SSP5-8.5,72,0.00257,-0.01912,0.02444,zero-crossing
Seoul,SouthKorea,mixed,37.5665,126.978,7.0,Control-NoCC,72,-0.00162,-0.02235,0.01762,zero-crossing
Seoul,SouthKorea,mixed,37.5665,126.978,7.0,SSP1-2.6,72,0.01279,-0.00683,0.03262,zero-crossing
Seoul,SouthKorea,mixed,37.5665,126.978,7.0,SSP2-4.5,72,-0.00512,-0.026,0.01524,zero-crossing
Seoul,SouthKorea,mixed,37.5665,126.978,7.0,SSP5-8.5,72,0.00399,-0.01717,0.02482,zero-crossing
Pyongyang,NorthKorea,mixed,39.0392,125.7625,8.0,Control-NoCC,72,0.01024,-0.0113,0.03087,zero-crossing
Pyongyang,NorthKorea,mixed,39.0392,125.7625,8.0,SSP1-2.6,72,0.01964,-0.00334,0.04412,zero-crossing
Pyongyang,NorthKorea,mixed,39.0392,125.7625,8.0,SSP2-4.5,72,-0.00407,-0.02947,0.01746,zero-crossing
Pyongyang,NorthKorea,mixed,39.0392,125.7625,8.0,SSP5-8.5,72,-0.00327,-0.02624,0.01818,zero-crossing
Hanoi,Vietnam,deltaic,21.0285,105.8542,2.0,Control-NoCC,72,0.02527,0.00566,0.04369,positive
Hanoi,Vietnam,deltaic,21.0285,105.8542,2.0,SSP1-2.6,72,0.02546,0.00781,0.04288,positive
Hanoi,Vietnam,deltaic,21.0285,105.8542,2.0,SSP2-4.5,72,0.01623,-0.00412,0.03749,zero-crossing
Hanoi,Vietnam,deltaic,21.0285,105.8542,2.0,SSP5-8.5,72,0.0282,0.01046,0.04745,positive
KualaLumpur,Malaysia,mixed,3.139,101.6869,7.0,Control-NoCC,72,0.00863,-0.01038,0.02819,zero-crossing
KualaLumpur,Malaysia,mixed,3.139,101.6869,7.0,SSP1-2.6,72,0.01943,-0.00021,0.03956,zero-crossing
KualaLumpur,Malaysia,mixed,3.139,101.6869,7.0,SSP2-4.5,72,-0.00121,-0.02246,0.01953,zero-crossing
KualaLumpur,Malaysia,mixed,3.139,101.6869,7.0,SSP5-8.5,72,-0.00194,-0.02292,0.01939,zero-crossing
Singapore,Singapore,coastal,1.3521,103.8198,3.0,Control-NoCC,72,0.015,-0.00417,0.03696,zero-crossing
Singapore,Singapore,coastal,1.3521,103.8198,3.0,SSP1-2.6,72,0.0254,0.00166,0.05166,positive
Singapore,Singapore,coastal,1.3521,103.8198,3.0,SSP2-4.5,72,-0.00249,-0.02914,0.0238,zero-crossing
Singapore,Singapore,coastal,1.3521,103.8198,3.0,SSP5-8.5,72,0.02453,0.00235,0.0481,positive
Yangon,Myanmar,deltaic,16.8409,96.1735,2.0,Control-NoCC,72,0.00389,-0.01097,0.01967,zero-crossing
Yangon,Myanmar,deltaic,16.8409,96.1735,2.0,SSP1-2.6,72,0.01863,0.00124,0.03633,positive
Yangon,Myanmar,deltaic,16.8409,96.1735,2.0,SSP2-4.5,72,0.01078,-0.00649,0.02933,zero-crossing
Yangon,Myanmar,deltaic,16.8409,96.1735,2.0,SSP5-8.5,72,0.02503,0.00996,0.04054,positive
Bishkek,Kyrgyzstan,mixed,42.8746,74.5698,10.0,Control-NoCC,72,0.00609,-0.01398,0.02452,zero-crossing
Bishkek,Kyrgyzstan,mixed,42.8746,74.5698,10.0,SSP1-2.6,72,0.01085,-0.01,0.0311,zero-crossing
Bishkek,Kyrgyzstan,mixed,42.8746,74.5698,10.0,SSP2-4.5,72,0.00317,-0.0187,0.02428,zero-crossing
Bishkek,Kyrgyzstan,mixed,42.8746,74.5698,10.0,SSP5-8.5,72,-0.00279,-0.02244,0.0162,zero-crossing
Ulaanbaatar,Mongolia,cold,47.8864,106.9057,9.0,Control-NoCC,72,0.00295,-0.01661,0.02483,zero-crossing
Ulaanbaatar,Mongolia,cold,47.8864,106.9057,9.0,SSP1-2.6,72,0.0232,0.00265,0.04481,positive
Ulaanbaatar,Mongolia,cold,47.8864,106.9057,9.0,SSP2-4.5,72,-0.00349,-0.02578,0.01661,zero-crossing
Ulaanbaatar,Mongolia,cold,47.8864,106.9057,9.0,SSP5-8.5,72,0.00259,-0.01872,0.02285,zero-crossing
Caracas,Venezuela,mixed,10.4806,-66.9036,8.0,Control-NoCC,72,0.01023,-0.00884,0.02928,zero-crossing
Caracas,Venezuela,mixed,10.4806,-66.9036,8.0,SSP1-2.6,72,0.02261,0.00125,0.04508,positive
Caracas,Venezuela,mixed,10.4806,-66.9036,8.0,SSP2-4.5,72,0.00041,-0.0216,0.02054,zero-crossing
Caracas,Venezuela,mixed,10.4806,-66.9036,8.0,SSP5-8.5,72,-0.00062,-0.02133,0.01883,zero-crossing
Medellin,Colombia,high_alt,6.2476,-75.5658,7.0,Control-NoCC,72,0.00607,-0.01486,0.02418,zero-crossing
Medellin,Colombia,high_alt,6.2476,-75.5658,7.0,SSP1-2.6,72,0.01142,-0.00754,0.03122,zero-crossing
Medellin,Colombia,high_alt,6.2476,-75.5658,7.0,SSP2-4.5,72,-0.00643,-0.02818,0.01586,zero-crossing
Medellin,Colombia,high_alt,6.2476,-75.5658,7.0,SSP5-8.5,72,-0.00486,-0.02761,0.01743,zero-crossing
Rio,Brazil,coastal,-22.9068,-43.1729,3.5,Control-NoCC,72,0.00916,-0.01216,0.02997,zero-crossing
Rio,Brazil,coastal,-22.9068,-43.1729,3.5,SSP1-2.6,72,0.02171,-0.0008,0.0449,zero-crossing
Rio,Brazil,coastal,-22.9068,-43.1729,3.5,SSP2-4.5,72,-0.0006,-0.02354,0.02159,zero-crossing
Rio,Brazil,coastal,-22.9068,-43.1729,3.5,SSP5-8.5,72,0.00608,-0.01592,0.02845,zero-crossing
SaoPaulo,Brazil,mixed,-23.5505,-46.6333,8.0,Control-NoCC,72,0.00471,-0.01533,0.02299,zero-crossing
SaoPaulo,Brazil,mixed,-23.5505,-46.6333,8.0,SSP1-2.6,72,0.01526,-0.00601,0.03671,zero-crossing
SaoPaulo,Brazil,mixed,-23.5505,-46.6333,8.0,SSP2-4.5,72,0.00401,-0.01867,0.02476,zero-crossing
SaoPaulo,Brazil,mixed,-23.5505,-46.6333,8.0,SSP5-8.5,72,0.01523,-0.00497,0.03819,zero-crossing
Brasilia,Brazil,mixed,-15.8267,-47.9218,11.0,Control-NoCC,72,0.00105,-0.01929,0.02083,zero-crossing
Brasilia,Brazil,mixed,-15.8267,-47.9218,11.0,SSP1-2.6,72,0.02306,0.00318,0.04407,positive
Brasilia,Brazil,mixed,-15.8267,-47.9218,11.0,SSP2-4.5,72,-0.00535,-0.02919,0.01502,zero-crossing
Brasilia,Brazil,mixed,-15.8267,-47.9218,11.0,SSP5-8.5,72,0.00639,-0.01485,0.02581,zero-crossing
Honolulu,USA,coastal,21.3069,-157.8583,3.0,Control-NoCC,72,0.01218,-0.00684,0.03246,zero-crossing
Honolulu,USA,coastal,21.3069,-157.8583,3.0,SSP1-2.6,72,0.01747,-0.00273,0.03943,zero-crossing
Honolulu,USA,coastal,21.3069,-157.8583,3.0,SSP2-4.5,72,0.00229,-0.01905,0.02218,zero-crossing
Honolulu,USA,coastal,21.3069,-157.8583,3.0,SSP5-8.5,72,0.02093,0.0006,0.04226,positive
